Workbook

Sheet Data
C1: Excel Dashboard
C4: Country | D4: Product | E4: Sales Person | F4: Date | G4: Amount | H4: Boxes | I4: Category
C5: Australia | D5: Almond Choco | E5: Ramalingam Kothapeta | F5: 44952 | G5: 70422.8 | H5: 47 | I5: Bars
C6: Australia | D6: 85% Dark Bars | E6: Devsena Veluvalapalli | F6: 45146 | G6: 670862.5 | H6: 1094 | I6: Bars
C7: UK | D7: Orange Choco | E7: Devsena Veluvalapalli | F7: 45069 | G7: 171422.16 | H7: 199 | I7: Bars
C8: India | D8: Smooth Sliky Salty | E8: Parasuramudu Jamakayala | F8: 44959 | G8: 514083.57 | H8: 588 | I8: Bars
C9: USA | D9: Peanut Butter Cubes | E9: Sreenivasa Naik Gudiwada | F9: 44944 | G9: 479902.5 | H9: 330 | I9: Bites
C10: Australia | D10: Fruit & Nut Bars | E10: Ramalingam Kothapeta | F10: 45118 | G10: 816698.4 | H10: 984 | I10: Bars
C11: Australia | D11: Fruit & Nut Bars | E11: Nazeer Basha Mustafa | F11: 45161 | G11: 472761.17 | H11: 429 | I11: Bars
C12: USA | D12: Almond Choco | E12: Sravanthi Chalaki | F12: 44998 | G12: 176408.96 | H12: 113 | I12: Bars
C13: Canada | D13: Drinking Coco | E13: Yedukondalu Panditula | F13: 44967 | G13: 352655.1 | H13: 198 | I13: Other
C14: Australia | D14: Raspberry Choco | E14: Duran Appala | F14: 45093 | G14: 1294320.3 | H14: 1479 | I14: Bars
C15: USA | D15: Raspberry Choco | E15: Ramalingam Kothapeta | F15: 45099 | G15: 11864.16 | H15: 12 | I15: Bars
C16: Canada | D16: Raspberry Choco | E16: John Joseph | F16: 45160 | G16: 623804.58 | H16: 689 | I16: Bars
... C1804: USA | D1804: 70% Dark Bites | E1804: Gopal Venkata | F1804: 44995 | G1804: 808245.27 | H1804: 583 | I1804: Bites

Sheet Dahboard
A1: Monthly Sales Dashboard - Awesome Chocolates
C5: Total Sales | E5: Total Boxes | G5: Total Shipments | I5: Sales per Person
C6: =Calc!B5 -> 7.5017749e+08 | E6: =Calc!C5 -> 669020 | G6: =Calc!D5 -> 1800 | I6: =Calc!F5 -> 30007100
C31: Sales Person | E31: Sales | G31: Boxes | I31: Shipments
C32: =Calc!C73 -> Devrat Damarsingh | D32: =IF(_xlfn.RANK.AVG(E32,$E$32:$E$56,0)<=10,1,0) -> 1 | E32: =Calc!D73 -> 33361934 | G32: =Calc!E73 -> 30608 | I32: =Calc!F73 -> 77
C33: =Calc!C74 -> Devsena Veluvalapalli | D33: =IF(_xlfn.RANK.AVG(E33,$E$32:$E$56,0)<=10,1,0) -> 1 | E33: =Calc!D74 -> 34520949 | G33: 33282 | I33: =Calc!F74 -> 76
C34: =Calc!C75 -> Dinanath Simhambhatla | D34: =IF(_xlfn.RANK.AVG(E34,$E$32:$E$56,0)<=10,1,0) -> 1 | E34: =Calc!D75 -> 37033916 | G34: 30805 | I34: =Calc!F75 -> 81
C35: =Calc!C76 -> Duran Appala | D35: =IF(_xlfn.RANK.AVG(E35,$E$32:$E$56,0)<=10,1,0) -> 0 | E35: =Calc!D76 -> 26761927 | G35: 24550 | I35: =Calc!F76 -> 71
C36: =Calc!C77 -> Gopal Venkata | D36: =IF(_xlfn.RANK.AVG(E36,$E$32:$E$56,0)<=10,1,0) -> 0 | E36: =Calc!D77 -> 27533038 | G36: 23645 | I36: =Calc!F77 -> 70
C37: =Calc!C78 -> Gowri Sankar Chakrala | D37: =IF(_xlfn.RANK.AVG(E37,$E$32:$E$56,0)<=10,1,0) -> 1 | E37: =Calc!D78 -> 34079382 | G37: 30966 | I37: =Calc!F78 -> 80
C38: =Calc!C79 -> Jaipal Potanapudi | D38: =IF(_xlfn.RANK.AVG(E38,$E$32:$E$56,0)<=10,1,0) -> 0 | E38: =Calc!D79 -> 28619176 | G38: 25820 | I38: =Calc!F79 -> 65
C39: =Calc!C80 -> John Joseph | D39: =IF(_xlfn.RANK.AVG(E39,$E$32:$E$56,0)<=10,1,0) -> 0 | E39: =Calc!D80 -> 21653834 | G39: 19025 | I39: =Calc!F80 -> 62
C40: =Calc!C81 -> Lalitchandra Vadali | D40: =IF(_xlfn.RANK.AVG(E40,$E$32:$E$56,0)<=10,1,0) -> 1 | E40: =Calc!D81 -> 32413454 | G40: 28964 | I40: =Calc!F81 -> 78
C41: =Calc!C82 -> Mayur Kousika | D41: =IF(_xlfn.RANK.AVG(E41,$E$32:$E$56,0)<=10,1,0) -> 0 | E41: =Calc!D82 -> 30142629 | G41: 26993 | I41: =Calc!F82 -> 70
C42: =Calc!C83 -> Nazeer Basha Mustafa | D42: =IF(_xlfn.RANK.AVG(E42,$E$32:$E$56,0)<=10,1,0) -> 0 | E42: =Calc!D83 -> 24271403 | G42: 20573 | I42: =Calc!F83 -> 70
C43: =Calc!C84 -> Oorjit Nandanavanam | D43: =IF(_xlfn.RANK.AVG(E43,$E$32:$E$56,0)<=10,1,0) -> 0 | E43: =Calc!D84 -> 30175071 | G43: 28141 | I43: =Calc!F84 -> 77
C44: =Calc!C85 -> Parasuramudu Jamakayala | D44: =IF(_xlfn.RANK.AVG(E44,$E$32:$E$56,0)<=10,1,0) -> 0 | E44: =Calc!D85 -> 30316626 | G44: 26096 | I44: =Calc!F85 -> 70
... C56: =Calc!C97 -> Yedukondalu Panditula | D56: =IF(_xlfn.RANK.AVG(E56,$E$32:$E$56,0)<=10,1,0) -> 0 | E56: =Calc!D97 -> 23935272 | G56: 20389 | I56: =Calc!F97 -> 68

Sheet Calc
B4: Sum of Amount | C4: Sum of Boxes | D4: Count of Product | E4: Distinct Count of Sales Person | F4: Avg. Amount per Person
B5: 7.5017749e+08 | C5: 669020 | D5: 1800 | E5: 25 | F5: 30007100
B19: Row Labels | C19: Sum of Amount
B20: India | C20: 1.32235e+08
B21: Australia | C21: 1.3026934e+08
B22: USA | C22: 1.2777364e+08
B23: UK | C23: 1.2175029e+08
B24: Canada | C24: 1.2038342e+08
B25: New Zealand | C25: 1.1776578e+08
B26: Grand Total | C26: 7.5017749e+08
B50: Row Labels | C50: Sum of Amount
B51: Bars | C51: 3.7099536e+08
B52: Bites | C52: 2.4016426e+08
B53: Other | C53: 1.3901787e+08
B54: Grand Total | C54: 7.5017749e+08
C72: Row Labels | D72: Sum of Amount | E72: Sum of Boxes | F72: Count of Product
C73: Devrat Damarsingh | D73: 33361934 | E73: 30608 | F73: 77
C74: Devsena Veluvalapalli | D74: 34520949 | E74: 33282 | F74: 76
C75: Dinanath Simhambhatla | D75: 37033916 | E75: 30805 | F75: 81
C76: Duran Appala | D76: 26761927 | E76: 24550 | F76: 71
C77: Gopal Venkata | D77: 27533038 | E77: 23645 | F77: 70
C78: Gowri Sankar Chakrala | D78: 34079382 | E78: 30966 | F78: 80
C79: Jaipal Potanapudi | D79: 28619176 | E79: 25820 | F79: 65
C80: John Joseph | D80: 21653834 | E80: 19025 | F80: 62
C81: Lalitchandra Vadali | D81: 32413454 | E81: 28964 | F81: 78
C82: Mayur Kousika | D82: 30142629 | E82: 26993 | F82: 70
C83: Nazeer Basha Mustafa | D83: 24271403 | E83: 20573 | F83: 70
C84: Oorjit Nandanavanam | D84: 30175071 | E84: 28141 | F84: 77
... C98: Grand Total | D98: 7.5017749e+08 | E98: 669020 | F98: 1800
